{
  "data_dir": "data\\train_dataset\\bias",
  "split_name": "bias",
  "variant": "no_density_priority",
  "seed": 42,
  "results": [
    {
      "n_eval_episodes": 10,
      "mean_reward": -2039.0647037396368,
      "std_reward": 1945.7503386802125,
      "min_reward": -5224.0255744628475,
      "max_reward": 0.0,
      "mean_ep_length": 329.8,
      "std_ep_length": 121.14850391152173,
      "mean_waiting_time": 5.0289419187232856,
      "std_waiting_time": 4.767906533395146,
      "mean_p95_waiting_time": 18.857648658752442,
      "mean_max_waiting_time": 25.694872856140137,
      "mean_load_imbalance": 0.34728123690617446,
      "invalid_action_rate": 0.0,
      "invalid_action_count": 0,
      "decision_step_count": 3298,
      "episode_rewards": [
        -4182.031373039522,
        -3850.947753156924,
        0.0,
        -168.39378563383664,
        -1521.5963413127522,
        -1565.2941354991576,
        -1.0,
        0.0,
        -3877.358074291329,
        -5224.0255744628475
      ],
      "episode_lengths": [
        378,
        393,
        107,
        228,
        516,
        392,
        233,
        217,
        369,
        465
      ],
      "episode_names": [
        "episode_0000.csv",
        "episode_0001.csv",
        "episode_0002.csv",
        "episode_0003.csv",
        "episode_0004.csv",
        "episode_0005.csv",
        "episode_0006.csv",
        "episode_0007.csv",
        "episode_0008.csv",
        "episode_0009.csv"
      ],
      "label": "no_density_priority/seed42",
      "variant": "no_density_priority",
      "seed": 42,
      "split_name": "bias",
      "data_dir": "data\\train_dataset\\bias",
      "checkpoint": "exps\\ablations\\runs\\no_density_priority\\seed42\\ckpt\\o2o_iql_best.pt"
    }
  ]
}