{
  "data_dir": "data\\train_dataset\\bias",
  "split_name": "bias",
  "variant": "no_density_priority",
  "seed": 2024,
  "results": [
    {
      "n_eval_episodes": 10,
      "mean_reward": -2521.4976310102493,
      "std_reward": 2408.3242003936984,
      "min_reward": -5761.213595207692,
      "max_reward": 0.0,
      "mean_ep_length": 329.8,
      "std_ep_length": 121.14850391152173,
      "mean_waiting_time": 6.1467406243085865,
      "std_waiting_time": 6.011609845352551,
      "mean_p95_waiting_time": 22.248356914520265,
      "mean_max_waiting_time": 28.009407806396485,
      "mean_load_imbalance": 0.34462377208809236,
      "invalid_action_rate": 0.0,
      "invalid_action_count": 0,
      "decision_step_count": 3298,
      "episode_rewards": [
        -5761.213595207692,
        -3413.5152096447196,
        0.0,
        -61.03475066432517,
        -3563.9549099950227,
        -1197.9043101465131,
        -28.549999999999997,
        0.0,
        -5586.111664355855,
        -5602.691870088365
      ],
      "episode_lengths": [
        378,
        393,
        107,
        228,
        516,
        392,
        233,
        217,
        369,
        465
      ],
      "episode_names": [
        "episode_0000.csv",
        "episode_0001.csv",
        "episode_0002.csv",
        "episode_0003.csv",
        "episode_0004.csv",
        "episode_0005.csv",
        "episode_0006.csv",
        "episode_0007.csv",
        "episode_0008.csv",
        "episode_0009.csv"
      ],
      "label": "no_density_priority/seed2024",
      "variant": "no_density_priority",
      "seed": 2024,
      "split_name": "bias",
      "data_dir": "data\\train_dataset\\bias",
      "checkpoint": "exps\\ablations\\runs\\no_density_priority\\seed2024\\ckpt\\o2o_iql_best.pt"
    }
  ]
}