{
  "data_dir": "data\\train_dataset\\bias",
  "split_name": "bias",
  "variant": "no_density_priority",
  "seeds": [
    42,
    123,
    2024
  ],
  "aggregate": {
    "n_seeds": 3,
    "mean_reward_mean": -2255.5525268225556,
    "mean_reward_std": 200.0331627829588,
    "mean_reward_min": -2521.4976310102493,
    "mean_reward_max": -2039.0647037396368,
    "mean_ep_length_mean": 329.8,
    "mean_waiting_time_mean": 5.514721719259008,
    "mean_p95_waiting_time_mean": 20.880328210194907,
    "mean_max_waiting_time_mean": 26.99838700691859,
    "mean_load_imbalance_mean": 0.35044555932550464,
    "invalid_action_rate_mean": 0.0
  },
  "per_seed": [
    {
      "n_eval_episodes": 10,
      "mean_reward": -2039.0647037396368,
      "std_reward": 1945.7503386802125,
      "min_reward": -5224.0255744628475,
      "max_reward": 0.0,
      "mean_ep_length": 329.8,
      "std_ep_length": 121.14850391152173,
      "mean_waiting_time": 5.0289419187232856,
      "std_waiting_time": 4.767906533395146,
      "mean_p95_waiting_time": 18.857648658752442,
      "mean_max_waiting_time": 25.694872856140137,
      "mean_load_imbalance": 0.34728123690617446,
      "invalid_action_rate": 0.0,
      "invalid_action_count": 0,
      "decision_step_count": 3298,
      "episode_rewards": [
        -4182.031373039522,
        -3850.947753156924,
        0.0,
        -168.39378563383664,
        -1521.5963413127522,
        -1565.2941354991576,
        -1.0,
        0.0,
        -3877.358074291329,
        -5224.0255744628475
      ],
      "episode_lengths": [
        378,
        393,
        107,
        228,
        516,
        392,
        233,
        217,
        369,
        465
      ],
      "episode_names": [
        "episode_0000.csv",
        "episode_0001.csv",
        "episode_0002.csv",
        "episode_0003.csv",
        "episode_0004.csv",
        "episode_0005.csv",
        "episode_0006.csv",
        "episode_0007.csv",
        "episode_0008.csv",
        "episode_0009.csv"
      ],
      "label": "no_density_priority/seed42",
      "variant": "no_density_priority",
      "seed": 42,
      "split_name": "bias",
      "data_dir": "data\\train_dataset\\bias",
      "checkpoint": "exps\\ablations\\runs\\no_density_priority\\seed42\\ckpt\\o2o_iql_best.pt"
    },
    {
      "n_eval_episodes": 10,
      "mean_reward": -2206.095245717781,
      "std_reward": 2093.34868453417,
      "min_reward": -5579.964340965407,
      "max_reward": 0.0,
      "mean_ep_length": 329.8,
      "std_ep_length": 121.14850391152173,
      "mean_waiting_time": 5.368482614745153,
      "std_waiting_time": 5.010682482811553,
      "mean_p95_waiting_time": 21.53497905731201,
      "mean_max_waiting_time": 27.290880358219148,
      "mean_load_imbalance": 0.35943166898224704,
      "invalid_action_rate": 0.0,
      "invalid_action_count": 0,
      "decision_step_count": 3298,
      "episode_rewards": [
        -3523.2488887116833,
        -4526.531215265785,
        0.0,
        -130.10433439372522,
        -3040.099305204949,
        -796.1216975021814,
        -159.77820058809408,
        -0.17589485100498337,
        -4304.928579694978,
        -5579.964340965407
      ],
      "episode_lengths": [
        378,
        393,
        107,
        228,
        516,
        392,
        233,
        217,
        369,
        465
      ],
      "episode_names": [
        "episode_0000.csv",
        "episode_0001.csv",
        "episode_0002.csv",
        "episode_0003.csv",
        "episode_0004.csv",
        "episode_0005.csv",
        "episode_0006.csv",
        "episode_0007.csv",
        "episode_0008.csv",
        "episode_0009.csv"
      ],
      "label": "no_density_priority/seed123",
      "variant": "no_density_priority",
      "seed": 123,
      "split_name": "bias",
      "data_dir": "data\\train_dataset\\bias",
      "checkpoint": "exps\\ablations\\runs\\no_density_priority\\seed123\\ckpt\\o2o_iql_best.pt"
    },
    {
      "n_eval_episodes": 10,
      "mean_reward": -2521.4976310102493,
      "std_reward": 2408.3242003936984,
      "min_reward": -5761.213595207692,
      "max_reward": 0.0,
      "mean_ep_length": 329.8,
      "std_ep_length": 121.14850391152173,
      "mean_waiting_time": 6.1467406243085865,
      "std_waiting_time": 6.011609845352551,
      "mean_p95_waiting_time": 22.248356914520265,
      "mean_max_waiting_time": 28.009407806396485,
      "mean_load_imbalance": 0.34462377208809236,
      "invalid_action_rate": 0.0,
      "invalid_action_count": 0,
      "decision_step_count": 3298,
      "episode_rewards": [
        -5761.213595207692,
        -3413.5152096447196,
        0.0,
        -61.03475066432517,
        -3563.9549099950227,
        -1197.9043101465131,
        -28.549999999999997,
        0.0,
        -5586.111664355855,
        -5602.691870088365
      ],
      "episode_lengths": [
        378,
        393,
        107,
        228,
        516,
        392,
        233,
        217,
        369,
        465
      ],
      "episode_names": [
        "episode_0000.csv",
        "episode_0001.csv",
        "episode_0002.csv",
        "episode_0003.csv",
        "episode_0004.csv",
        "episode_0005.csv",
        "episode_0006.csv",
        "episode_0007.csv",
        "episode_0008.csv",
        "episode_0009.csv"
      ],
      "label": "no_density_priority/seed2024",
      "variant": "no_density_priority",
      "seed": 2024,
      "split_name": "bias",
      "data_dir": "data\\train_dataset\\bias",
      "checkpoint": "exps\\ablations\\runs\\no_density_priority\\seed2024\\ckpt\\o2o_iql_best.pt"
    }
  ]
}