{
  "data_dir": "data\\test_dataset\\normal",
  "split_name": "normal",
  "results": [
    {
      "label": "roi-seed42",
      "baseline_name": "roi-seed42",
      "scenario": "normal",
      "seed": 42,
      "data_dir": "data\\test_dataset\\normal",
      "n_eval_episodes": 20,
      "mean_reward": -1991.4231426742856,
      "std_reward": 2250.976606834441,
      "min_reward": -9214.104400023078,
      "max_reward": 0.0,
      "mean_ep_length": 267.9,
      "std_ep_length": 93.54565730166205,
      "mean_waiting_time": 6.110532730072737,
      "std_waiting_time": 5.45074681826816,
      "mean_p95_waiting_time": 32.93372077941895,
      "mean_max_waiting_time": 50.38568263053894,
      "mean_load_imbalance": 0.35765605069597156,
      "dataset_total_waiting_time": 39828.46285348571,
      "dataset_vehicle_count": 5358,
      "dataset_average_waiting_time": 7.433457046189942,
      "mean_cv_load_imbalance": 0.35765605069597156,
      "invalid_action_rate": 0.0,
      "invalid_action_count": 0,
      "decision_step_count": 5358,
      "episode_rewards": [
        -2145.333893584789,
        -1899.229391858168,
        -143.55,
        -1503.8303261005478,
        -1693.13947475002,
        -9214.104400023078,
        -1258.8,
        -2443.2999999999997,
        -773.8500000000001,
        -3141.748600500122,
        -2008.9117801226917,
        -98.0,
        -10.0,
        -4909.30771986802,
        -67.0,
        -109.9,
        -4924.257266678274,
        -26.0,
        -3458.2000000000003,
        0.0
      ],
      "episode_lengths": [
        258,
        361,
        138,
        381,
        287,
        484,
        215,
        221,
        197,
        263,
        282,
        170,
        249,
        377,
        263,
        219,
        427,
        162,
        272,
        132
      ],
      "episode_names": [
        "episode_0000.csv",
        "episode_0001.csv",
        "episode_0002.csv",
        "episode_0003.csv",
        "episode_0004.csv",
        "episode_0005.csv",
        "episode_0006.csv",
        "episode_0007.csv",
        "episode_0008.csv",
        "episode_0009.csv",
        "episode_0010.csv",
        "episode_0011.csv",
        "episode_0012.csv",
        "episode_0013.csv",
        "episode_0014.csv",
        "episode_0015.csv",
        "episode_0016.csv",
        "episode_0017.csv",
        "episode_0018.csv",
        "episode_0019.csv"
      ],
      "episode_metrics": [
        {
          "episode_name": "episode_0000.csv",
          "episode_reward": -2145.333893584789,
          "episode_length": 258,
          "vehicle_count": 258,
          "total_waiting_time": 2145.3338935847896,
          "mean_waiting_time": 8.315247535705566,
          "p95_waiting_time": 44.639984130859375,
          "max_waiting_time": 75.44999694824219,
          "cv_load_imbalance": 0.504803992675703,
          "assigned_demand_by_station": [
            1775.15,
            2826.0,
            914.0,
            546.0,
            657.0,
            2454.8499999999995,
            1192.0
          ],
          "normalized_assigned_demand_by_station": [
            177.51500000000001,
            113.04,
            50.77777777777778,
            45.5,
            54.75,
            111.58409090909089,
            66.22222222222223
          ]
        },
        {
          "episode_name": "episode_0001.csv",
          "episode_reward": -1899.229391858168,
          "episode_length": 361,
          "vehicle_count": 361,
          "total_waiting_time": 1899.2293918581681,
          "mean_waiting_time": 5.261023044586182,
          "p95_waiting_time": 21.5,
          "max_waiting_time": 48.17816925048828,
          "cv_load_imbalance": 0.1556698264928324,
          "assigned_demand_by_station": [
            1613.8999999999999,
            2576.0,
            2600.55,
            1678.6000000000001,
            1795.85,
            2921.0999999999995,
            1864.0
          ],
          "normalized_assigned_demand_by_station": [
            161.39,
            103.04,
            144.47500000000002,
            139.88333333333335,
            149.65416666666667,
            132.7772727272727,
            103.55555555555556
          ]
        },
        {
          "episode_name": "episode_0002.csv",
          "episode_reward": -143.55,
          "episode_length": 138,
          "vehicle_count": 138,
          "total_waiting_time": 143.55,
          "mean_waiting_time": 1.040217399597168,
          "p95_waiting_time": 12.29998779296875,
          "max_waiting_time": 21.350000381469727,
          "cv_load_imbalance": 0.3393791850942473,
          "assigned_demand_by_station": [
            607.6999999999999,
            735.0,
            496.0,
            388.0,
            409.0,
            534.3000000000001,
            497.0
          ],
          "normalized_assigned_demand_by_station": [
            60.769999999999996,
            29.4,
            27.555555555555557,
            32.333333333333336,
            34.083333333333336,
            24.28636363636364,
            27.61111111111111
          ]
        },
        {
          "episode_name": "episode_0003.csv",
          "episode_reward": -1503.8303261005478,
          "episode_length": 381,
          "vehicle_count": 381,
          "total_waiting_time": 1503.8303261005476,
          "mean_waiting_time": 3.947061538696289,
          "p95_waiting_time": 20.0,
          "max_waiting_time": 30.035490036010742,
          "cv_load_imbalance": 0.30610155782791015,
          "assigned_demand_by_station": [
            1395.6,
            1470.0,
            1907.4999999999998,
            1464.05,
            1992.95,
            1599.4,
            2226.5
          ],
          "normalized_assigned_demand_by_station": [
            139.56,
            58.8,
            105.97222222222221,
            122.00416666666666,
            166.07916666666668,
            72.7,
            123.69444444444444
          ]
        },
        {
          "episode_name": "episode_0004.csv",
          "episode_reward": -1693.13947475002,
          "episode_length": 287,
          "vehicle_count": 287,
          "total_waiting_time": 1693.1394747500196,
          "mean_waiting_time": 5.899440765380859,
          "p95_waiting_time": 27.732877731323242,
          "max_waiting_time": 53.0,
          "cv_load_imbalance": 0.19301454239677873,
          "assigned_demand_by_station": [
            962.5,
            1795.0,
            1331.25,
            1020.75,
            1456.15,
            1864.4999999999998,
            1270.85
          ],
          "normalized_assigned_demand_by_station": [
            96.25,
            71.8,
            73.95833333333333,
            85.0625,
            121.34583333333335,
            84.74999999999999,
            70.60277777777777
          ]
        },
        {
          "episode_name": "episode_0005.csv",
          "episode_reward": -9214.104400023078,
          "episode_length": 484,
          "vehicle_count": 484,
          "total_waiting_time": 9214.104400023076,
          "mean_waiting_time": 19.03740692138672,
          "p95_waiting_time": 63.74250030517578,
          "max_waiting_time": 90.0,
          "cv_load_imbalance": 0.34062205066419665,
          "assigned_demand_by_station": [
            1952.55,
            1729.0,
            1412.0,
            1564.0,
            1686.9,
            2300.45,
            1793.1
          ],
          "normalized_assigned_demand_by_station": [
            195.255,
            69.16,
            78.44444444444444,
            130.33333333333334,
            140.57500000000002,
            104.56590909090909,
            99.61666666666666
          ]
        },
        {
          "episode_name": "episode_0006.csv",
          "episode_reward": -1258.8,
          "episode_length": 215,
          "vehicle_count": 215,
          "total_waiting_time": 1258.8,