{
  "data_dir": "data\\train_dataset\\bias",
  "split_name": "bias",
  "variant": "no_anneal",
  "seeds": [
    42,
    123,
    2024
  ],
  "aggregate": {
    "n_seeds": 3,
    "mean_reward_mean": -2047.6491569994614,
    "mean_reward_std": 74.0394920938835,
    "mean_reward_min": -2147.846436650187,
    "mean_reward_max": -1971.2228046409887,
    "mean_ep_length_mean": 329.8,
    "mean_waiting_time_mean": 5.049553318197528,
    "mean_p95_waiting_time_mean": 19.964487528800962,
    "mean_max_waiting_time_mean": 28.008414268493652,
    "mean_load_imbalance_mean": 0.3166544669740516,
    "invalid_action_rate_mean": 0.0
  },
  "per_seed": [
    {
      "n_eval_episodes": 10,
      "mean_reward": -2023.8782297072091,
      "std_reward": 1836.9801645306895,
      "min_reward": -4899.248089986987,
      "max_reward": 0.0,
      "mean_ep_length": 329.8,
      "std_ep_length": 121.14850391152173,
      "mean_waiting_time": 4.947025007009506,
      "std_waiting_time": 4.464009500401428,
      "mean_p95_waiting_time": 18.664962196350096,
      "mean_max_waiting_time": 26.33413200378418,
      "mean_load_imbalance": 0.3268950250780761,
      "invalid_action_rate": 0.0,
      "invalid_action_count": 0,
      "decision_step_count": 3298,
      "episode_rewards": [
        -4040.853718351279,
        -3529.266968874759,
        0.0,
        -181.79719754590494,
        -2459.2092378081675,
        -1382.4864218676873,
        -14.070021310653203,
        0.0,
        -3731.850641326655,
        -4899.248089986987
      ],
      "episode_lengths": [
        378,
        393,
        107,
        228,
        516,
        392,
        233,
        217,
        369,
        465
      ],
      "episode_names": [
        "episode_0000.csv",
        "episode_0001.csv",
        "episode_0002.csv",
        "episode_0003.csv",
        "episode_0004.csv",
        "episode_0005.csv",
        "episode_0006.csv",
        "episode_0007.csv",
        "episode_0008.csv",
        "episode_0009.csv"
      ],
      "label": "no_anneal/seed42",
      "variant": "no_anneal",
      "seed": 42,
      "split_name": "bias",
      "data_dir": "data\\train_dataset\\bias",
      "checkpoint": "exps\\ablations\\runs\\no_anneal\\seed42\\ckpt\\o2o_iql_best.pt"
    },
    {
      "n_eval_episodes": 10,
      "mean_reward": -2147.846436650187,
      "std_reward": 2343.783341782652,
      "min_reward": -6298.113846052877,
      "max_reward": 0.0,
      "mean_ep_length": 329.8,
      "std_ep_length": 121.14850391152173,
      "mean_waiting_time": 5.288982632756233,
      "std_waiting_time": 5.828787469476023,
      "mean_p95_waiting_time": 22.4809632062912,
      "mean_max_waiting_time": 28.410771656036378,
      "mean_load_imbalance": 0.3170956330843723,
      "invalid_action_rate": 0.0,
      "invalid_action_count": 0,
      "decision_step_count": 3298,
      "episode_rewards": [
        -6298.113846052877,
        -2955.0991125676514,
        0.0,
        -78.90435287062981,
        -1477.341140786603,
        -885.4576004109136,
        0.0,
        0.0,
        -3933.8881527547533,
        -5849.660161058442
      ],
      "episode_lengths": [
        378,
        393,
        107,
        228,
        516,
        392,
        233,
        217,
        369,
        465
      ],
      "episode_names": [
        "episode_0000.csv",
        "episode_0001.csv",
        "episode_0002.csv",
        "episode_0003.csv",
        "episode_0004.csv",
        "episode_0005.csv",
        "episode_0006.csv",
        "episode_0007.csv",
        "episode_0008.csv",
        "episode_0009.csv"
      ],
      "label": "no_anneal/seed123",
      "variant": "no_anneal",
      "seed": 123,
      "split_name": "bias",
      "data_dir": "data\\train_dataset\\bias",
      "checkpoint": "exps\\ablations\\runs\\no_anneal\\seed123\\ckpt\\o2o_iql_best.pt"
    },
    {
      "n_eval_episodes": 10,
      "mean_reward": -1971.2228046409887,
      "std_reward": 1888.5268509016894,
      "min_reward": -4839.185038803311,
      "max_reward": 0.0,
      "mean_ep_length": 329.8,
      "std_ep_length": 121.14850391152173,
      "mean_waiting_time": 4.912652314826846,
      "std_waiting_time": 4.662540013506253,
      "mean_p95_waiting_time": 18.747537183761597,
      "mean_max_waiting_time": 29.2803391456604,
      "mean_load_imbalance": 0.30597274275970643,
      "invalid_action_rate": 0.0,
      "invalid_action_count": 0,
      "decision_step_count": 3298,
      "episode_rewards": [
        -3591.5802804500336,
        -3241.6003544580394,
        0.0,
        -560.5614848075519,
        -2323.6184796587972,
        -482.647463422201,
        -9.245665814836826,
        0.0,
        -4839.185038803311,
        -4663.7892789951175
      ],
      "episode_lengths": [
        378,
        393,
        107,
        228,
        516,
        392,
        233,
        217,
        369,
        465
      ],
      "episode_names": [
        "episode_0000.csv",
        "episode_0001.csv",
        "episode_0002.csv",
        "episode_0003.csv",
        "episode_0004.csv",
        "episode_0005.csv",
        "episode_0006.csv",
        "episode_0007.csv",
        "episode_0008.csv",
        "episode_0009.csv"
      ],
      "label": "no_anneal/seed2024",
      "variant": "no_anneal",
      "seed": 2024,
      "split_name": "bias",
      "data_dir": "data\\train_dataset\\bias",
      "checkpoint": "exps\\ablations\\runs\\no_anneal\\seed2024\\ckpt\\o2o_iql_best.pt"
    }
  ]
}