{
  "data_dir": "data\\test_dataset\\normal",
  "split_name": "normal",
  "results": [
    {
      "label": "all-no-split",
      "baseline_name": "all-no-split",
      "n_eval_episodes": 20,
      "mean_reward": -3193.2,
      "std_reward": 3019.3919189134754,
      "min_reward": -10948.0,
      "max_reward": 0.0,
      "mean_ep_length": 267.9,
      "std_ep_length": 93.54565730166205,
      "mean_waiting_time": 10.346202463656663,
      "std_waiting_time": 8.976940792601638,
      "mean_p95_waiting_time": 59.95248794555664,
      "mean_max_waiting_time": 80.85,
      "mean_load_imbalance": 0.4907148258474221,
      "dataset_total_waiting_time": 63864.0,
      "dataset_vehicle_count": 5358,
      "dataset_average_waiting_time": 11.919372900335945,
      "mean_cv_load_imbalance": 0.4907148258474221,
      "invalid_action_rate": 0.0,
      "invalid_action_count": 0,
      "decision_step_count": 5358,
      "episode_rewards": [
        -6879.0,
        -4133.0,
        -188.0,
        -2182.0,
        -2930.0,
        -10948.0,
        -1954.0,
        -5531.0,
        -1225.0,
        -4780.0,
        -5024.0,
        -98.0,
        -50.0,
        -6763.0,
        -123.0,
        -190.0,
        -5618.0,
        -27.0,
        -5221.0,
        0.0
      ],
      "episode_lengths": [
        258,
        361,
        138,
        381,
        287,
        484,
        215,
        221,
        197,
        263,
        282,
        170,
        249,
        377,
        263,
        219,
        427,
        162,
        272,
        132
      ],
      "episode_names": [
        "episode_0000.csv",
        "episode_0001.csv",
        "episode_0002.csv",
        "episode_0003.csv",
        "episode_0004.csv",
        "episode_0005.csv",
        "episode_0006.csv",
        "episode_0007.csv",
        "episode_0008.csv",
        "episode_0009.csv",
        "episode_0010.csv",
        "episode_0011.csv",
        "episode_0012.csv",
        "episode_0013.csv",
        "episode_0014.csv",
        "episode_0015.csv",
        "episode_0016.csv",
        "episode_0017.csv",
        "episode_0018.csv",
        "episode_0019.csv"
      ],
      "episode_metrics": [
        {
          "episode_name": "episode_0000.csv",
          "episode_reward": -6879.0,
          "episode_length": 258,
          "vehicle_count": 258,
          "total_waiting_time": 6879.0,
          "mean_waiting_time": 26.662790298461914,
          "p95_waiting_time": 159.29998779296875,
          "max_waiting_time": 190.0,
          "cv_load_imbalance": 0.8430701037116933,
          "assigned_demand_by_station": [
            2920.0,
            2826.0,
            914.0,
            546.0,
            657.0,
            1310.0,
            1192.0
          ],
          "normalized_assigned_demand_by_station": [
            292.0,
            113.04,
            50.77777777777778,
            45.5,
            54.75,
            59.54545454545455,
            66.22222222222223
          ]
        },
        {
          "episode_name": "episode_0001.csv",
          "episode_reward": -4133.0,
          "episode_length": 361,
          "vehicle_count": 361,
          "total_waiting_time": 4133.0,
          "mean_waiting_time": 11.448753356933594,
          "p95_waiting_time": 69.0,
          "max_waiting_time": 120.0,
          "cv_load_imbalance": 0.41871311910671744,
          "assigned_demand_by_station": [
            2694.0,
            2576.0,
            2496.0,
            1855.0,
            2050.0,
            1841.0,
            1538.0
          ],
          "normalized_assigned_demand_by_station": [
            269.4,
            103.04,
            138.66666666666666,
            154.58333333333334,
            170.83333333333334,
            83.68181818181819,
            85.44444444444444
          ]
        },
        {
          "episode_name": "episode_0002.csv",
          "episode_reward": -188.0,
          "episode_length": 138,
          "vehicle_count": 138,
          "total_waiting_time": 188.0,
          "mean_waiting_time": 1.3623188734054565,
          "p95_waiting_time": 14.149993896484375,
          "max_waiting_time": 27.0,
          "cv_load_imbalance": 0.481294750980438,
          "assigned_demand_by_station": [
            741.0,
            735.0,
            496.0,
            388.0,
            409.0,
            401.0,
            497.0
          ],
          "normalized_assigned_demand_by_station": [
            74.1,
            29.4,
            27.555555555555557,
            32.333333333333336,
            34.083333333333336,
            18.227272727272727,
            27.61111111111111
          ]
        },
        {
          "episode_name": "episode_0003.csv",
          "episode_reward": -2182.0,
          "episode_length": 381,
          "vehicle_count": 381,
          "total_waiting_time": 2182.0,
          "mean_waiting_time": 5.727034091949463,
          "p95_waiting_time": 31.0,
          "max_waiting_time": 46.0,
          "cv_load_imbalance": 0.3603842424891799,
          "assigned_demand_by_station": [
            1652.0,
            1470.0,
            1798.0,
            1679.0,
            2004.0,
            1343.0,
            2110.0
          ],
          "normalized_assigned_demand_by_station": [
            165.2,
            58.8,
            99.88888888888889,
            139.91666666666666,
            167.0,
            61.04545454545455,
            117.22222222222223
          ]
        },
        {
          "episode_name": "episode_0004.csv",
          "episode_reward": -2930.0,
          "episode_length": 287,
          "vehicle_count": 287,
          "total_waiting_time": 2930.0,
          "mean_waiting_time": 10.20905876159668,
          "p95_waiting_time": 57.699981689453125,
          "max_waiting_time": 87.0,
          "cv_load_imbalance": 0.39781281202587143,
          "assigned_demand_by_station": [
            1685.0,
            1795.0,
            1256.0,
            1198.0,
            1373.0,
            1142.0,
            1252.0
          ],
          "normalized_assigned_demand_by_station": [
            168.5,
            71.8,
            69.77777777777777,
            99.83333333333333,
            114.41666666666667,
            51.90909090909091,
            69.55555555555556
          ]
        },
        {
          "episode_name": "episode_0005.csv",
          "episode_reward": -10948.0,
          "episode_length": 484,
          "vehicle_count": 484,
          "total_waiting_time": 10948.0,
          "mean_waiting_time": 22.619834899902344,
          "p95_waiting_time": 86.85000610351562,
          "max_waiting_time": 116.0,
          "cv_load_imbalance": 0.4126368900857538,
          "assigned_demand_by_station": [
            2226.0,
            1729.0,
            1412.0,
            1581.0,
            1738.0,
            2027.0,
            1725.0
          ],
          "normalized_assigned_demand_by_station": [
            222.6,
            69.16,
            78.44444444444444,
            131.75,
            144.83333333333334,
            92.13636363636364,
            95.83333333333333
          ]
        },
        {
          "episode_name": "episode_0006.csv",
          "episode_reward": -1954.0,
          "episode_length": 215,
          "vehicle_count": 215,
          "total_waiting_time": 1954.0,
          "mean_waiting_time": 9.088372230529785,
          "p95_waiting_time": 61.800018310546875,
          "max_waiting_time": 79.0,
          "cv_load_imbalance": 0.40443004984606373,
          "assigned_demand_by_station": [
            1676.0,
            1757.0,
            1220.0,
            1029.0,
            1048.0,
            1164.0,
            1301.0
          ],