{
  "data_dir": "data\\test_dataset\\normal",
  "split_name": "normal",
  "results": [
    {
      "label": "greedy-split",
      "baseline_name": "greedy-split",
      "n_eval_episodes": 20,
      "mean_reward": -1925.5259523531465,
      "std_reward": 1860.5123449441655,
      "min_reward": -7041.281582015195,
      "max_reward": 0.0,
      "mean_ep_length": 267.9,
      "std_ep_length": 93.54565730166205,
      "mean_waiting_time": 6.122062230855226,
      "std_waiting_time": 4.9457203490361,
      "mean_p95_waiting_time": 31.861995506286622,
      "mean_max_waiting_time": 44.04468421936035,
      "mean_load_imbalance": 0.32653454018364514,
      "dataset_total_waiting_time": 38510.51904706293,
      "dataset_vehicle_count": 5358,
      "dataset_average_waiting_time": 7.187480225282369,
      "mean_cv_load_imbalance": 0.32653454018364514,
      "invalid_action_rate": 0.0,
      "invalid_action_count": 0,
      "decision_step_count": 5358,
      "episode_rewards": [
        -3216.2149892561774,
        -2331.261260176513,
        -149.5,
        -1441.4286950698938,
        -1957.0,
        -7041.281582015195,
        -1507.5,
        -2539.0,
        -830.0,
        -3057.5,
        -2136.0,
        -98.0,
        -50.0,
        -4909.204529144252,
        -101.0,
        -173.5,
        -3975.127991400903,
        -27.0,
        -2970.0,
        0.0
      ],
      "episode_lengths": [
        258,
        361,
        138,
        381,
        287,
        484,
        215,
        221,
        197,
        263,
        282,
        170,
        249,
        377,
        263,
        219,
        427,
        162,
        272,
        132
      ],
      "episode_names": [
        "episode_0000.csv",
        "episode_0001.csv",
        "episode_0002.csv",
        "episode_0003.csv",
        "episode_0004.csv",
        "episode_0005.csv",
        "episode_0006.csv",
        "episode_0007.csv",
        "episode_0008.csv",
        "episode_0009.csv",
        "episode_0010.csv",
        "episode_0011.csv",
        "episode_0012.csv",
        "episode_0013.csv",
        "episode_0014.csv",
        "episode_0015.csv",
        "episode_0016.csv",
        "episode_0017.csv",
        "episode_0018.csv",
        "episode_0019.csv"
      ],
      "episode_metrics": [
        {
          "episode_name": "episode_0000.csv",
          "episode_reward": -3216.2149892561774,
          "episode_length": 258,
          "vehicle_count": 258,
          "total_waiting_time": 3216.2149892561774,
          "mean_waiting_time": 12.465950012207031,
          "p95_waiting_time": 71.57499694824219,
          "max_waiting_time": 82.0,
          "cv_load_imbalance": 0.44154159519669867,
          "assigned_demand_by_station": [
            1704.0,
            2199.0,
            1541.0,
            546.0,
            657.0,
            2526.0,
            1192.0
          ],
          "normalized_assigned_demand_by_station": [
            170.4,
            87.96,
            85.61111111111111,
            45.5,
            54.75,
            114.81818181818181,
            66.22222222222223
          ]
        },
        {
          "episode_name": "episode_0001.csv",
          "episode_reward": -2331.261260176513,
          "episode_length": 361,
          "vehicle_count": 361,
          "total_waiting_time": 2331.2612601765127,
          "mean_waiting_time": 6.45778751373291,
          "p95_waiting_time": 35.54001235961914,
          "max_waiting_time": 51.77412414550781,
          "cv_load_imbalance": 0.2188213519391588,
          "assigned_demand_by_station": [
            1837.5,
            2651.0,
            2259.5,
            1878.5,
            1953.0,
            2767.0,
            1703.5
          ],
          "normalized_assigned_demand_by_station": [
            183.75,
            106.04,
            125.52777777777777,
            156.54166666666666,
            162.75,
            125.77272727272727,
            94.63888888888889
          ]
        },
        {
          "episode_name": "episode_0002.csv",
          "episode_reward": -149.5,
          "episode_length": 138,
          "vehicle_count": 138,
          "total_waiting_time": 149.5,
          "mean_waiting_time": 1.0833333730697632,
          "p95_waiting_time": 12.29998779296875,
          "max_waiting_time": 22.0,
          "cv_load_imbalance": 0.3553698562779728,
          "assigned_demand_by_station": [
            622.5,
            735.0,
            496.0,
            388.0,
            409.0,
            519.5,
            497.0
          ],
          "normalized_assigned_demand_by_station": [
            62.25,
            29.4,
            27.555555555555557,
            32.333333333333336,
            34.083333333333336,
            23.613636363636363,
            27.61111111111111
          ]
        },
        {
          "episode_name": "episode_0003.csv",
          "episode_reward": -1441.4286950698938,
          "episode_length": 381,
          "vehicle_count": 381,
          "total_waiting_time": 1441.4286950698938,
          "mean_waiting_time": 3.7832775115966797,
          "p95_waiting_time": 17.5,
          "max_waiting_time": 22.5,
          "cv_load_imbalance": 0.282188085662985,
          "assigned_demand_by_station": [
            1466.0,
            1470.0,
            1942.0,
            1714.5,
            1600.5,
            1625.0,
            2238.0
          ],
          "normalized_assigned_demand_by_station": [
            146.6,
            58.8,
            107.88888888888889,
            142.875,
            133.375,
            73.86363636363636,
            124.33333333333333
          ]
        },
        {
          "episode_name": "episode_0004.csv",
          "episode_reward": -1957.0,
          "episode_length": 287,
          "vehicle_count": 287,
          "total_waiting_time": 1957.0,
          "mean_waiting_time": 6.818815231323242,
          "p95_waiting_time": 33.34999084472656,
          "max_waiting_time": 43.0,
          "cv_load_imbalance": 0.1966590790684485,
          "assigned_demand_by_station": [
            1135.0,
            1755.5,
            1214.5,
            1331.5,
            1035.0,
            1844.0,
            1385.5
          ],
          "normalized_assigned_demand_by_station": [
            113.5,
            70.22,
            67.47222222222223,
            110.95833333333333,
            86.25,
            83.81818181818181,
            76.97222222222223
          ]
        },
        {
          "episode_name": "episode_0005.csv",
          "episode_reward": -7041.281582015195,
          "episode_length": 484,
          "vehicle_count": 484,
          "total_waiting_time": 7041.281582015196,
          "mean_waiting_time": 14.548102378845215,
          "p95_waiting_time": 47.350006103515625,
          "max_waiting_time": 62.5,
          "cv_load_imbalance": 0.19197908642030578,
          "assigned_demand_by_station": [
            1414.5,
            1778.0,
            2022.0,
            1263.5,
            1327.0,
            2225.0,
            2408.0
          ],
          "normalized_assigned_demand_by_station": [
            141.45,
            71.12,
            112.33333333333333,
            105.29166666666667,
            110.58333333333333,
            101.13636363636364,
            133.77777777777777
          ]
        },
        {
          "episode_name": "episode_0006.csv",
          "episode_reward": -1507.5,
          "episode_length": 215,
          "vehicle_count": 215,
          "total_waiting_time": 1507.5,
          "mean_waiting_time": 7.011627674102783,
          "p95_waiting_time": 43.30000305175781,
          "max_waiting_time": 47.5,
          "cv_load_imbalance": 0.20324751107917644,
          "assigned_demand_by_station": [
            1200.5,
            1536.5,
            1485.0,
            930.0,
            923.5,
            1689.5,
            1430.0
          ],