{
  "data_dir": "data\\test_dataset\\normal",
  "split_name": "normal",
  "results": [
    {
      "label": "station-assignment",
      "baseline_name": "station-assignment",
      "n_eval_episodes": 20,
      "mean_reward": -2032.95,
      "std_reward": 2120.166561263525,
      "min_reward": -8310.0,
      "max_reward": 0.0,
      "mean_ep_length": 267.9,
      "std_ep_length": 93.54565730166205,
      "mean_waiting_time": 6.237915176898241,
      "std_waiting_time": 5.038611453908041,
      "mean_p95_waiting_time": 36.90747909545898,
      "mean_max_waiting_time": 57.7,
      "mean_load_imbalance": 0.4003917358896699,
      "dataset_total_waiting_time": 40659.0,
      "dataset_vehicle_count": 5358,
      "dataset_average_waiting_time": 7.588465845464726,
      "mean_cv_load_imbalance": 0.4003917358896699,
      "invalid_action_rate": 0.0,
      "invalid_action_count": 0,
      "decision_step_count": 5358,
      "episode_rewards": [
        -2293.0,
        -2760.0,
        -188.0,
        -2126.0,
        -2376.0,
        -8310.0,
        -1413.0,
        -2012.0,
        -900.0,
        -2773.0,
        -2532.0,
        -98.0,
        -50.0,
        -5821.0,
        -123.0,
        -190.0,
        -4618.0,
        -27.0,
        -2049.0,
        0.0
      ],
      "episode_lengths": [
        258,
        361,
        138,
        381,
        287,
        484,
        215,
        221,
        197,
        263,
        282,
        170,
        249,
        377,
        263,
        219,
        427,
        162,
        272,
        132
      ],
      "episode_names": [
        "episode_0000.csv",
        "episode_0001.csv",
        "episode_0002.csv",
        "episode_0003.csv",
        "episode_0004.csv",
        "episode_0005.csv",
        "episode_0006.csv",
        "episode_0007.csv",
        "episode_0008.csv",
        "episode_0009.csv",
        "episode_0010.csv",
        "episode_0011.csv",
        "episode_0012.csv",
        "episode_0013.csv",
        "episode_0014.csv",
        "episode_0015.csv",
        "episode_0016.csv",
        "episode_0017.csv",
        "episode_0018.csv",
        "episode_0019.csv"
      ],
      "episode_metrics": [
        {
          "episode_name": "episode_0000.csv",
          "episode_reward": -2293.0,
          "episode_length": 258,
          "vehicle_count": 258,
          "total_waiting_time": 2293.0,
          "mean_waiting_time": 8.88759708404541,
          "p95_waiting_time": 53.5999755859375,
          "max_waiting_time": 85.0,
          "cv_load_imbalance": 0.5076560627393196,
          "assigned_demand_by_station": [
            1787.0,
            2826.0,
            914.0,
            546.0,
            657.0,
            2443.0,
            1192.0
          ],
          "normalized_assigned_demand_by_station": [
            178.7,
            113.04,
            50.77777777777778,
            45.5,
            54.75,
            111.04545454545455,
            66.22222222222223
          ]
        },
        {
          "episode_name": "episode_0001.csv",
          "episode_reward": -2760.0,
          "episode_length": 361,
          "vehicle_count": 361,
          "total_waiting_time": 2760.0,
          "mean_waiting_time": 7.6454291343688965,
          "p95_waiting_time": 52.0,
          "max_waiting_time": 75.0,
          "cv_load_imbalance": 0.3172815509259868,
          "assigned_demand_by_station": [
            2240.0,
            2576.0,
            2496.0,
            1855.0,
            2050.0,
            2295.0,
            1538.0
          ],
          "normalized_assigned_demand_by_station": [
            224.0,
            103.04,
            138.66666666666666,
            154.58333333333334,
            170.83333333333334,
            104.31818181818181,
            85.44444444444444
          ]
        },
        {
          "episode_name": "episode_0002.csv",
          "episode_reward": -188.0,
          "episode_length": 138,
          "vehicle_count": 138,
          "total_waiting_time": 188.0,
          "mean_waiting_time": 1.3623188734054565,
          "p95_waiting_time": 14.149993896484375,
          "max_waiting_time": 27.0,
          "cv_load_imbalance": 0.481294750980438,
          "assigned_demand_by_station": [
            741.0,
            735.0,
            496.0,
            388.0,
            409.0,
            401.0,
            497.0
          ],
          "normalized_assigned_demand_by_station": [
            74.1,
            29.4,
            27.555555555555557,
            32.333333333333336,
            34.083333333333336,
            18.227272727272727,
            27.61111111111111
          ]
        },
        {
          "episode_name": "episode_0003.csv",
          "episode_reward": -2126.0,
          "episode_length": 381,
          "vehicle_count": 381,
          "total_waiting_time": 2126.0,
          "mean_waiting_time": 5.580052375793457,
          "p95_waiting_time": 30.0,
          "max_waiting_time": 46.0,
          "cv_load_imbalance": 0.3581920513475266,
          "assigned_demand_by_station": [
            1652.0,
            1470.0,
            1798.0,
            1679.0,
            1984.0,
            1343.0,
            2130.0
          ],
          "normalized_assigned_demand_by_station": [
            165.2,
            58.8,
            99.88888888888889,
            139.91666666666666,
            165.33333333333334,
            61.04545454545455,
            118.33333333333333
          ]
        },
        {
          "episode_name": "episode_0004.csv",
          "episode_reward": -2376.0,
          "episode_length": 287,
          "vehicle_count": 287,
          "total_waiting_time": 2376.0,
          "mean_waiting_time": 8.278745651245117,
          "p95_waiting_time": 48.499908447265625,
          "max_waiting_time": 72.0,
          "cv_load_imbalance": 0.31626272168364417,
          "assigned_demand_by_station": [
            1477.0,
            1795.0,
            1256.0,
            1198.0,
            1327.0,
            1350.0,
            1298.0
          ],
          "normalized_assigned_demand_by_station": [
            147.7,
            71.8,
            69.77777777777777,
            99.83333333333333,
            110.58333333333333,
            61.36363636363637,
            72.11111111111111
          ]
        },
        {
          "episode_name": "episode_0005.csv",
          "episode_reward": -8310.0,
          "episode_length": 484,
          "vehicle_count": 484,
          "total_waiting_time": 8310.0,
          "mean_waiting_time": 17.169422149658203,
          "p95_waiting_time": 58.850006103515625,
          "max_waiting_time": 88.0,
          "cv_load_imbalance": 0.2869932240811987,
          "assigned_demand_by_station": [
            1733.0,
            1729.0,
            1437.0,
            1556.0,
            1641.0,
            2520.0,
            1822.0
          ],
          "normalized_assigned_demand_by_station": [
            173.3,
            69.16,
            79.83333333333333,
            129.66666666666666,
            136.75,
            114.54545454545455,
            101.22222222222223
          ]
        },
        {
          "episode_name": "episode_0006.csv",
          "episode_reward": -1413.0,
          "episode_length": 215,
          "vehicle_count": 215,
          "total_waiting_time": 1413.0,
          "mean_waiting_time": 6.5720930099487305,
          "p95_waiting_time": 44.0,
          "max_waiting_time": 64.0,
          "cv_load_imbalance": 0.30371034027401755,
          "assigned_demand_by_station": [
            1439.0,
            1757.0,
            1220.0,
            1029.0,
            1048.0,
            1401.0,
            1301.0
          ],