{
  "data_dir": "data\\train_dataset\\bias",
  "split_name": "bias",
  "variant": "no_offline",
  "seeds": [
    42,
    123,
    2024
  ],
  "aggregate": {
    "n_seeds": 3,
    "mean_reward_mean": -2239.3922893033823,
    "mean_reward_std": 96.30777391893515,
    "mean_reward_min": -2352.661730602141,
    "mean_reward_max": -2117.257139443719,
    "mean_ep_length_mean": 329.8,
    "mean_waiting_time_mean": 5.584375669372579,
    "mean_p95_waiting_time_mean": 20.395708337798716,
    "mean_max_waiting_time_mean": 25.710897787412005,
    "mean_load_imbalance_mean": 0.33894036428846364,
    "invalid_action_rate_mean": 0.0
  },
  "per_seed": [
    {
      "n_eval_episodes": 10,
      "mean_reward": -2248.257997864287,
      "std_reward": 2128.085206566841,
      "min_reward": -5494.8377971798245,
      "max_reward": 0.0,
      "mean_ep_length": 329.8,
      "std_ep_length": 121.14850391152173,
      "mean_waiting_time": 5.630482429265976,
      "std_waiting_time": 5.371833065705933,
      "mean_p95_waiting_time": 21.216284370422365,
      "mean_max_waiting_time": 26.811916732788085,
      "mean_load_imbalance": 0.3286857207741425,
      "invalid_action_rate": 0.0,
      "invalid_action_count": 0,
      "decision_step_count": 3298,
      "episode_rewards": [
        -4992.474535597784,
        -3165.3329146090473,
        0.0,
        -220.08640229456074,
        -1905.3886950845204,
        -1521.0230855474542,
        -217.8746302406227,
        0.0,
        -5494.8377971798245,
        -4965.561918089057
      ],
      "episode_lengths": [
        378,
        393,
        107,
        228,
        516,
        392,
        233,
        217,
        369,
        465
      ],
      "episode_names": [
        "episode_0000.csv",
        "episode_0001.csv",
        "episode_0002.csv",
        "episode_0003.csv",
        "episode_0004.csv",
        "episode_0005.csv",
        "episode_0006.csv",
        "episode_0007.csv",
        "episode_0008.csv",
        "episode_0009.csv"
      ],
      "label": "no_offline/seed42",
      "variant": "no_offline",
      "seed": 42,
      "split_name": "bias",
      "data_dir": "data\\train_dataset\\bias",
      "checkpoint": "exps\\ablations\\runs\\no_offline\\seed42\\ckpt\\o2o_iql_best.pt"
    },
    {
      "n_eval_episodes": 10,
      "mean_reward": -2352.661730602141,
      "std_reward": 2484.7064488583937,
      "min_reward": -7006.566200413719,
      "max_reward": 0.0,
      "mean_ep_length": 329.8,
      "std_ep_length": 121.14850391152173,
      "mean_waiting_time": 5.899928086996079,
      "std_waiting_time": 6.332228070415074,
      "mean_p95_waiting_time": 20.07960567288101,
      "mean_max_waiting_time": 25.640984439849852,
      "mean_load_imbalance": 0.3455407323794101,
      "invalid_action_rate": 0.0,
      "invalid_action_count": 0,
      "decision_step_count": 3298,
      "episode_rewards": [
        -7006.566200413719,
        -4578.090179069027,
        0.0,
        -187.76953277115996,
        -1236.3242117011205,
        -1072.8349058350461,
        -59.2558315370253,
        0.0,
        -4323.894136756845,
        -5061.882307937468
      ],
      "episode_lengths": [
        378,
        393,
        107,
        228,
        516,
        392,
        233,
        217,
        369,
        465
      ],
      "episode_names": [
        "episode_0000.csv",
        "episode_0001.csv",
        "episode_0002.csv",
        "episode_0003.csv",
        "episode_0004.csv",
        "episode_0005.csv",
        "episode_0006.csv",
        "episode_0007.csv",
        "episode_0008.csv",
        "episode_0009.csv"
      ],
      "label": "no_offline/seed123",
      "variant": "no_offline",
      "seed": 123,
      "split_name": "bias",
      "data_dir": "data\\train_dataset\\bias",
      "checkpoint": "exps\\ablations\\runs\\no_offline\\seed123\\ckpt\\o2o_iql_best.pt"
    },
    {
      "n_eval_episodes": 10,
      "mean_reward": -2117.257139443719,
      "std_reward": 2034.8251646387585,
      "min_reward": -5559.69743908853,
      "max_reward": 0.0,
      "mean_ep_length": 329.8,
      "std_ep_length": 121.14850391152173,
      "mean_waiting_time": 5.222716491855681,
      "std_waiting_time": 5.121953315345316,
      "mean_p95_waiting_time": 19.891234970092775,
      "mean_max_waiting_time": 24.679792189598082,
      "mean_load_imbalance": 0.3425946397118384,
      "invalid_action_rate": 0.0,
      "invalid_action_count": 0,
      "decision_step_count": 3298,
      "episode_rewards": [
        -5559.69743908853,
        -3097.380193515473,
        0.0,
        -258.3468069235881,
        -2788.071403355138,
        -841.9488485080113,
        0.0,
        -4.276759198675762,
        -4271.670599518405,
        -4351.17934432937
      ],
      "episode_lengths": [
        378,
        393,
        107,
        228,
        516,
        392,
        233,
        217,
        369,
        465
      ],
      "episode_names": [
        "episode_0000.csv",
        "episode_0001.csv",
        "episode_0002.csv",
        "episode_0003.csv",
        "episode_0004.csv",
        "episode_0005.csv",
        "episode_0006.csv",
        "episode_0007.csv",
        "episode_0008.csv",
        "episode_0009.csv"
      ],
      "label": "no_offline/seed2024",
      "variant": "no_offline",
      "seed": 2024,
      "split_name": "bias",
      "data_dir": "data\\train_dataset\\bias",
      "checkpoint": "exps\\ablations\\runs\\no_offline\\seed2024\\ckpt\\o2o_iql_best.pt"
    }
  ]
}