{
  "data_dir": "data\\train_dataset\\bias",
  "split_name": "bias",
  "variant": "no_dual_buffer",
  "seed": 123,
  "results": [
    {
      "n_eval_episodes": 10,
      "mean_reward": -1992.0659886579572,
      "std_reward": 2260.4760110114826,
      "min_reward": -6366.630843333787,
      "max_reward": 0.0,
      "mean_ep_length": 329.8,
      "std_ep_length": 121.14850391152173,
      "mean_waiting_time": 4.893471920490265,
      "std_waiting_time": 5.440882500735584,
      "mean_p95_waiting_time": 19.90909950733185,
      "mean_max_waiting_time": 24.84507522583008,
      "mean_load_imbalance": 0.3632946017267309,
      "invalid_action_rate": 0.0,
      "invalid_action_count": 0,
      "decision_step_count": 3298,
      "episode_rewards": [
        -3243.2300974451764,
        -3861.390396313012,
        0.0,
        -171.7755044941934,
        -1140.6431077830368,
        -299.903432929059,
        0.0,
        0.0,
        -4837.086504281308,
        -6366.630843333787
      ],
      "episode_lengths": [
        378,
        393,
        107,
        228,
        516,
        392,
        233,
        217,
        369,
        465
      ],
      "episode_names": [
        "episode_0000.csv",
        "episode_0001.csv",
        "episode_0002.csv",
        "episode_0003.csv",
        "episode_0004.csv",
        "episode_0005.csv",
        "episode_0006.csv",
        "episode_0007.csv",
        "episode_0008.csv",
        "episode_0009.csv"
      ],
      "label": "no_dual_buffer/seed123",
      "variant": "no_dual_buffer",
      "seed": 123,
      "split_name": "bias",
      "data_dir": "data\\train_dataset\\bias",
      "checkpoint": "exps\\ablations\\runs\\no_dual_buffer\\seed123\\ckpt\\o2o_iql_best.pt"
    }
  ]
}