{
  "data_dir": "data\\train_dataset\\bias",
  "split_name": "bias",
  "variant": "no_dual_buffer",
  "seeds": [
    42,
    123,
    2024
  ],
  "aggregate": {
    "n_seeds": 3,
    "mean_reward_mean": -2160.4071741055054,
    "mean_reward_std": 171.36623652417623,
    "mean_reward_min": -2395.5596018038073,
    "mean_reward_max": -1992.0659886579572,
    "mean_ep_length_mean": 329.8,
    "mean_waiting_time_mean": 5.312824782480796,
    "mean_p95_waiting_time_mean": 20.859048978487653,
    "mean_max_waiting_time_mean": 27.892358287175497,
    "mean_load_imbalance_mean": 0.36021732520819,
    "invalid_action_rate_mean": 0.0
  },
  "per_seed": [
    {
      "n_eval_episodes": 10,
      "mean_reward": -2395.5596018038073,
      "std_reward": 2458.901744997203,
      "min_reward": -6321.149363254281,
      "max_reward": 0.0,
      "mean_ep_length": 329.8,
      "std_ep_length": 121.14850391152173,
      "mean_waiting_time": 5.858069944381714,
      "std_waiting_time": 6.027481257288794,
      "mean_p95_waiting_time": 22.12172088623047,
      "mean_max_waiting_time": 30.537341833114624,
      "mean_load_imbalance": 0.3647861071794864,
      "invalid_action_rate": 0.0,
      "invalid_action_count": 0,
      "decision_step_count": 3298,
      "episode_rewards": [
        -3621.298092472194,
        -5289.2828658101935,
        0.0,
        -174.47612011282223,
        -2453.1968362592647,
        -581.1758205276215,
        0.0,
        0.0,
        -5515.016919601693,
        -6321.149363254281
      ],
      "episode_lengths": [
        378,
        393,
        107,
        228,
        516,
        392,
        233,
        217,
        369,
        465
      ],
      "episode_names": [
        "episode_0000.csv",
        "episode_0001.csv",
        "episode_0002.csv",
        "episode_0003.csv",
        "episode_0004.csv",
        "episode_0005.csv",
        "episode_0006.csv",
        "episode_0007.csv",
        "episode_0008.csv",
        "episode_0009.csv"
      ],
      "label": "no_dual_buffer/seed42",
      "variant": "no_dual_buffer",
      "seed": 42,
      "split_name": "bias",
      "data_dir": "data\\train_dataset\\bias",
      "checkpoint": "exps\\ablations\\runs\\no_dual_buffer\\seed42\\ckpt\\o2o_iql_best.pt"
    },
    {
      "n_eval_episodes": 10,
      "mean_reward": -1992.0659886579572,
      "std_reward": 2260.4760110114826,
      "min_reward": -6366.630843333787,
      "max_reward": 0.0,
      "mean_ep_length": 329.8,
      "std_ep_length": 121.14850391152173,
      "mean_waiting_time": 4.893471920490265,
      "std_waiting_time": 5.440882500735584,
      "mean_p95_waiting_time": 19.90909950733185,
      "mean_max_waiting_time": 24.84507522583008,
      "mean_load_imbalance": 0.3632946017267309,
      "invalid_action_rate": 0.0,
      "invalid_action_count": 0,
      "decision_step_count": 3298,
      "episode_rewards": [
        -3243.2300974451764,
        -3861.390396313012,
        0.0,
        -171.7755044941934,
        -1140.6431077830368,
        -299.903432929059,
        0.0,
        0.0,
        -4837.086504281308,
        -6366.630843333787
      ],
      "episode_lengths": [
        378,
        393,
        107,
        228,
        516,
        392,
        233,
        217,
        369,
        465
      ],
      "episode_names": [
        "episode_0000.csv",
        "episode_0001.csv",
        "episode_0002.csv",
        "episode_0003.csv",
        "episode_0004.csv",
        "episode_0005.csv",
        "episode_0006.csv",
        "episode_0007.csv",
        "episode_0008.csv",
        "episode_0009.csv"
      ],
      "label": "no_dual_buffer/seed123",
      "variant": "no_dual_buffer",
      "seed": 123,
      "split_name": "bias",
      "data_dir": "data\\train_dataset\\bias",
      "checkpoint": "exps\\ablations\\runs\\no_dual_buffer\\seed123\\ckpt\\o2o_iql_best.pt"
    },
    {
      "n_eval_episodes": 10,
      "mean_reward": -2093.595931854752,
      "std_reward": 2127.5152507937237,
      "min_reward": -5374.131069791816,
      "max_reward": 0.0,
      "mean_ep_length": 329.8,
      "std_ep_length": 121.14850391152173,
      "mean_waiting_time": 5.18693248257041,
      "std_waiting_time": 5.2812976351964025,
      "mean_p95_waiting_time": 20.546326541900633,
      "mean_max_waiting_time": 28.29465780258179,
      "mean_load_imbalance": 0.3525712667183528,
      "invalid_action_rate": 0.0,
      "invalid_action_count": 0,
      "decision_step_count": 3298,
      "episode_rewards": [
        -5374.131069791816,
        -3088.8310991815342,
        0.0,
        -267.3529114999053,
        -1756.983083614455,
        -817.9192779506016,
        -7.42977219681778,
        0.0,
        -4291.605017565312,
        -5331.70708674708
      ],
      "episode_lengths": [
        378,
        393,
        107,
        228,
        516,
        392,
        233,
        217,
        369,
        465
      ],
      "episode_names": [
        "episode_0000.csv",
        "episode_0001.csv",
        "episode_0002.csv",
        "episode_0003.csv",
        "episode_0004.csv",
        "episode_0005.csv",
        "episode_0006.csv",
        "episode_0007.csv",
        "episode_0008.csv",
        "episode_0009.csv"
      ],
      "label": "no_dual_buffer/seed2024",
      "variant": "no_dual_buffer",
      "seed": 2024,
      "split_name": "bias",
      "data_dir": "data\\train_dataset\\bias",
      "checkpoint": "exps\\ablations\\runs\\no_dual_buffer\\seed2024\\ckpt\\o2o_iql_best.pt"
    }
  ]
}